[
	{
		"folder": true,
		"children": [
			{
				"folder": true,
				"children": [
					{
						"folder": true,
						"children": [
							{
								"folder": true,
								"children": [
									{
										"folder": true,
										"children": [
											{
												"title": "Node 0.5"
											}
										],
										"title": "Node 0.4"
									}
								],
								"title": "Node 0.3"
							}
						],
						"title": "Node 0.2"
					}
				],
				"title": "Node 0.1"
			}
		],
		"title": "Node 0.0"
	},
	{
		"folder": true,
		"children": [
			{
				"folder": true,
				"children": [
					{
						"folder": true,
						"children": [
							{
								"folder": true,
								"children": [
									{
										"folder": true,
										"children": [
											{
												"title": "Node 1.5"
											}
										],
										"title": "Node 1.4"
									}
								],
								"title": "Node 1.3"
							}
						],
						"title": "Node 1.2"
					}
				],
				"title": "Node 1.1"
			}
		],
		"title": "Node 1.0"
	},
	{
		"folder": true,
		"children": [
			{
				"folder": true,
				"children": [
					{
						"folder": true,
						"children": [
							{
								"folder": true,
								"children": [
									{
										"folder": true,
										"children": [
											{
												"title": "Node 2.5"
											}
										],
										"title": "Node 2.4"
									}
								],
								"title": "Node 2.3"
							}
						],
						"title": "Node 2.2"
					}
				],
				"title": "Node 2.1"
			}
		],
		"title": "Node 2.0"
	},
	{
		"folder": true,
		"children": [
			{
				"folder": true,
				"children": [
					{
						"folder": true,
						"children": [
							{
								"folder": true,
								"children": [
									{
										"folder": true,
										"children": [
											{
												"title": "Node 3.5"
											}
										],
										"title": "Node 3.4"
									}
								],
								"title": "Node 3.3"
							}
						],
						"title": "Node 3.2"
					}
				],
				"title": "Node 3.1"
			}
		],
		"title": "Node 3.0"
	},
	{
		"folder": true,
		"children": [
			{
				"folder": true,
				"children": [
					{
						"folder": true,
						"children": [
							{
								"folder": true,
								"children": [
									{
										"folder": true,
										"children": [
											{
												"title": "Node 4.5"
											}
										],
										"title": "Node 4.4"
									}
								],
								"title": "Node 4.3"
							}
						],
						"title": "Node 4.2"
					}
				],
				"title": "Node 4.1"
			}
		],
		"title": "Node 4.0"
	},
	{
		"folder": true,
		"children": [
			{
				"folder": true,
				"children": [
					{
						"folder": true,
						"children": [
							{
								"folder": true,
								"children": [
									{
										"folder": true,
										"children": [
											{
												"title": "Node 5.5"
											}
										],
										"title": "Node 5.4"
									}
								],
								"title": "Node 5.3"
							}
						],
						"title": "Node 5.2"
					}
				],
				"title": "Node 5.1"
			}
		],
		"title": "Node 5.0"
	},
	{
		"folder": true,
		"children": [
			{
				"folder": true,
				"children": [
					{
						"folder": true,
						"children": [
							{
								"folder": true,
								"children": [
									{
										"folder": true,
										"children": [
											{
												"title": "Node 6.5"
											}
										],
										"title": "Node 6.4"
									}
								],
								"title": "Node 6.3"
							}
						],
						"title": "Node 6.2"
					}
				],
				"title": "Node 6.1"
			}
		],
		"title": "Node 6.0"
	},
	{
		"folder": true,
		"children": [
			{
				"folder": true,
				"children": [
					{
						"folder": true,
						"children": [
							{
								"folder": true,
								"children": [
									{
										"folder": true,
										"children": [
											{
												"title": "Node 7.5"
											}
										],
										"title": "Node 7.4"
									}
								],
								"title": "Node 7.3"
							}
						],
						"title": "Node 7.2"
					}
				],
				"title": "Node 7.1"
			}
		],
		"title": "Node 7.0"
	},
	{
		"folder": true,
		"children": [
			{
				"folder": true,
				"children": [
					{
						"folder": true,
						"children": [
							{
								"folder": true,
								"children": [
									{
										"folder": true,
										"children": [
											{
												"title": "Node 8.5"
											}
										],
										"title": "Node 8.4"
									}
								],
								"title": "Node 8.3"
							}
						],
						"title": "Node 8.2"
					}
				],
				"title": "Node 8.1"
			}
		],
		"title": "Node 8.0"
	},
	{
		"folder": true,
		"children": [
			{
				"folder": true,
				"children": [
					{
						"folder": true,
						"children": [
							{
								"folder": true,
								"children": [
									{
										"folder": true,
										"children": [
											{
												"title": "Node 9.5"
											}
										],
										"title": "Node 9.4"
									}
								],
								"title": "Node 9.3"
							}
						],
						"title": "Node 9.2"
					}
				],
				"title": "Node 9.1"
			}
		],
		"title": "Node 9.0"
	},
	{
		"folder": true,
		"children": [
			{
				"folder": true,
				"children": [
					{
						"folder": true,
						"children": [
							{
								"folder": true,
								"children": [
									{
										"folder": true,
										"children": [
											{
												"title": "Node 10.5"
											}
										],
										"title": "Node 10.4"
									}
								],
								"title": "Node 10.3"
							}
						],
						"title": "Node 10.2"
					}
				],
				"title": "Node 10.1"
			}
		],
		"title": "Node 10.0"
	},
	{
		"folder": true,
		"children": [
			{
				"folder": true,
				"children": [
					{
						"folder": true,
						"children": [
							{
								"folder": true,
								"children": [
									{
										"folder": true,
										"children": [
											{
												"title": "Node 11.5"
											}
										],
										"title": "Node 11.4"
									}
								],
								"title": "Node 11.3"
							}
						],
						"title": "Node 11.2"
					}
				],
				"title": "Node 11.1"
			}
		],
		"title": "Node 11.0"
	},
	{
		"folder": true,
		"children": [
			{
				"folder": true,
				"children": [
					{
						"folder": true,
						"children": [
							{
								"folder": true,
								"children": [
									{
										"folder": true,
										"children": [
											{
												"title": "Node 12.5"
											}
										],
										"title": "Node 12.4"
									}
								],
								"title": "Node 12.3"
							}
						],
						"title": "Node 12.2"
					}
				],
				"title": "Node 12.1"
			}
		],
		"title": "Node 12.0"
	},
	{
		"folder": true,
		"children": [
			{
				"folder": true,
				"children": [
					{
						"folder": true,
						"children": [
							{
								"folder": true,
								"children": [
									{
										"folder": true,
										"children": [
											{
												"title": "Node 13.5"
											}
										],
										"title": "Node 13.4"
									}
								],
								"title": "Node 13.3"
							}
						],
						"title": "Node 13.2"
					}
				],
				"title": "Node 13.1"
			}
		],
		"title": "Node 13.0"
	},
	{
		"folder": true,
		"children": [
			{
				"folder": true,
				"children": [
					{
						"folder": true,
						"children": [
							{
								"folder": true,
								"children": [
									{
										"folder": true,
										"children": [
											{
												"title": "Node 14.5"
											}
										],
										"title": "Node 14.4"
									}
								],
								"title": "Node 14.3"
							}
						],
						"title": "Node 14.2"
					}
				],
				"title": "Node 14.1"
			}
		],
		"title": "Node 14.0"
	},
	{
		"folder": true,
		"children": [
			{
				"folder": true,
				"children": [
					{
						"folder": true,
						"children": [
							{
								"folder": true,
								"children": [
									{
										"folder": true,
										"children": [
											{
												"title": "Node 15.5"
											}
										],
										"title": "Node 15.4"
									}
								],
								"title": "Node 15.3"
							}
						],
						"title": "Node 15.2"
					}
				],
				"title": "Node 15.1"
			}
		],
		"title": "Node 15.0"
	},
	{
		"folder": true,
		"children": [
			{
				"folder": true,
				"children": [
					{
						"folder": true,
						"children": [
							{
								"folder": true,
								"children": [
									{
										"folder": true,
										"children": [
											{
												"title": "Node 16.5"
											}
										],
										"title": "Node 16.4"
									}
								],
								"title": "Node 16.3"
							}
						],
						"title": "Node 16.2"
					}
				],
				"title": "Node 16.1"
			}
		],
		"title": "Node 16.0"
	},
	{
		"folder": true,
		"children": [
			{
				"folder": true,
				"children": [
					{
						"folder": true,
						"children": [
							{
								"folder": true,
								"children": [
									{
										"folder": true,
										"children": [
											{
												"title": "Node 17.5"
											}
										],
										"title": "Node 17.4"
									}
								],
								"title": "Node 17.3"
							}
						],
						"title": "Node 17.2"
					}
				],
				"title": "Node 17.1"
			}
		],
		"title": "Node 17.0"
	},
	{
		"folder": true,
		"children": [
			{
				"folder": true,
				"children": [
					{
						"folder": true,
						"children": [
							{
								"folder": true,
								"children": [
									{
										"folder": true,
										"children": [
											{
												"title": "Node 18.5"
											}
										],
										"title": "Node 18.4"
									}
								],
								"title": "Node 18.3"
							}
						],
						"title": "Node 18.2"
					}
				],
				"title": "Node 18.1"
			}
		],
		"title": "Node 18.0"
	},
	{
		"folder": true,
		"children": [
			{
				"folder": true,
				"children": [
					{
						"folder": true,
						"children": [
							{
								"folder": true,
								"children": [
									{
										"folder": true,
										"children": [
											{
												"title": "Node 19.5"
											}
										],
										"title": "Node 19.4"
									}
								],
								"title": "Node 19.3"
							}
						],
						"title": "Node 19.2"
					}
				],
				"title": "Node 19.1"
			}
		],
		"title": "Node 19.0"
	},
	{
		"folder": true,
		"children": [
			{
				"folder": true,
				"children": [
					{
						"folder": true,
						"children": [
							{
								"folder": true,
								"children": [
									{
										"folder": true,
										"children": [
											{
												"title": "Node 20.5"
											}
										],
										"title": "Node 20.4"
									}
								],
								"title": "Node 20.3"
							}
						],
						"title": "Node 20.2"
					}
				],
				"title": "Node 20.1"
			}
		],
		"title": "Node 20.0"
	},
	{
		"folder": true,
		"children": [
			{
				"folder": true,
				"children": [
					{
						"folder": true,
						"children": [
							{
								"folder": true,
								"children": [
									{
										"folder": true,
										"children": [
											{
												"title": "Node 21.5"
											}
										],
										"title": "Node 21.4"
									}
								],
								"title": "Node 21.3"
							}
						],
						"title": "Node 21.2"
					}
				],
				"title": "Node 21.1"
			}
		],
		"title": "Node 21.0"
	},
	{
		"folder": true,
		"children": [
			{
				"folder": true,
				"children": [
					{
						"folder": true,
						"children": [
							{
								"folder": true,
								"children": [
									{
										"folder": true,
										"children": [
											{
												"title": "Node 22.5"
											}
										],
										"title": "Node 22.4"
									}
								],
								"title": "Node 22.3"
							}
						],
						"title": "Node 22.2"
					}
				],
				"title": "Node 22.1"
			}
		],
		"title": "Node 22.0"
	},
	{
		"folder": true,
		"children": [
			{
				"folder": true,
				"children": [
					{
						"folder": true,
						"children": [
							{
								"folder": true,
								"children": [
									{
										"folder": true,
										"children": [
											{
												"title": "Node 23.5"
											}
										],
										"title": "Node 23.4"
									}
								],
								"title": "Node 23.3"
							}
						],
						"title": "Node 23.2"
					}
				],
				"title": "Node 23.1"
			}
		],
		"title": "Node 23.0"
	},
	{
		"folder": true,
		"children": [
			{
				"folder": true,
				"children": [
					{
						"folder": true,
						"children": [
							{
								"folder": true,
								"children": [
									{
										"folder": true,
										"children": [
											{
												"title": "Node 24.5"
											}
										],
										"title": "Node 24.4"
									}
								],
								"title": "Node 24.3"
							}
						],
						"title": "Node 24.2"
					}
				],
				"title": "Node 24.1"
			}
		],
		"title": "Node 24.0"
	},
	{
		"folder": true,
		"children": [
			{
				"folder": true,
				"children": [
					{
						"folder": true,
						"children": [
							{
								"folder": true,
								"children": [
									{
										"folder": true,
										"children": [
											{
												"title": "Node 25.5"
											}
										],
										"title": "Node 25.4"
									}
								],
								"title": "Node 25.3"
							}
						],
						"title": "Node 25.2"
					}
				],
				"title": "Node 25.1"
			}
		],
		"title": "Node 25.0"
	},
	{
		"folder": true,
		"children": [
			{
				"folder": true,
				"children": [
					{
						"folder": true,
						"children": [
							{
								"folder": true,
								"children": [
									{
										"folder": true,
										"children": [
											{
												"title": "Node 26.5"
											}
										],
										"title": "Node 26.4"
									}
								],
								"title": "Node 26.3"
							}
						],
						"title": "Node 26.2"
					}
				],
				"title": "Node 26.1"
			}
		],
		"title": "Node 26.0"
	},
	{
		"folder": true,
		"children": [
			{
				"folder": true,
				"children": [
					{
						"folder": true,
						"children": [
							{
								"folder": true,
								"children": [
									{
										"folder": true,
										"children": [
											{
												"title": "Node 27.5"
											}
										],
										"title": "Node 27.4"
									}
								],
								"title": "Node 27.3"
							}
						],
						"title": "Node 27.2"
					}
				],
				"title": "Node 27.1"
			}
		],
		"title": "Node 27.0"
	},
	{
		"folder": true,
		"children": [
			{
				"folder": true,
				"children": [
					{
						"folder": true,
						"children": [
							{
								"folder": true,
								"children": [
									{
										"folder": true,
										"children": [
											{
												"title": "Node 28.5"
											}
										],
										"title": "Node 28.4"
									}
								],
								"title": "Node 28.3"
							}
						],
						"title": "Node 28.2"
					}
				],
				"title": "Node 28.1"
			}
		],
		"title": "Node 28.0"
	},
	{
		"folder": true,
		"children": [
			{
				"folder": true,
				"children": [
					{
						"folder": true,
						"children": [
							{
								"folder": true,
								"children": [
									{
										"folder": true,
										"children": [
											{
												"title": "Node 29.5"
											}
										],
										"title": "Node 29.4"
									}
								],
								"title": "Node 29.3"
							}
						],
						"title": "Node 29.2"
					}
				],
				"title": "Node 29.1"
			}
		],
		"title": "Node 29.0"
	},
	{
		"folder": true,
		"children": [
			{
				"folder": true,
				"children": [
					{
						"folder": true,
						"children": [
							{
								"folder": true,
								"children": [
									{
										"folder": true,
										"children": [
											{
												"title": "Node 30.5"
											}
										],
										"title": "Node 30.4"
									}
								],
								"title": "Node 30.3"
							}
						],
						"title": "Node 30.2"
					}
				],
				"title": "Node 30.1"
			}
		],
		"title": "Node 30.0"
	},
	{
		"folder": true,
		"children": [
			{
				"folder": true,
				"children": [
					{
						"folder": true,
						"children": [
							{
								"folder": true,
								"children": [
									{
										"folder": true,
										"children": [
											{
												"title": "Node 31.5"
											}
										],
										"title": "Node 31.4"
									}
								],
								"title": "Node 31.3"
							}
						],
						"title": "Node 31.2"
					}
				],
				"title": "Node 31.1"
			}
		],
		"title": "Node 31.0"
	},
	{
		"folder": true,
		"children": [
			{
				"folder": true,
				"children": [
					{
						"folder": true,
						"children": [
							{
								"folder": true,
								"children": [
									{
										"folder": true,
										"children": [
											{
												"title": "Node 32.5"
											}
										],
										"title": "Node 32.4"
									}
								],
								"title": "Node 32.3"
							}
						],
						"title": "Node 32.2"
					}
				],
				"title": "Node 32.1"
			}
		],
		"title": "Node 32.0"
	},
	{
		"folder": true,
		"children": [
			{
				"folder": true,
				"children": [
					{
						"folder": true,
						"children": [
							{
								"folder": true,
								"children": [
									{
										"folder": true,
										"children": [
											{
												"title": "Node 33.5"
											}
										],
										"title": "Node 33.4"
									}
								],
								"title": "Node 33.3"
							}
						],
						"title": "Node 33.2"
					}
				],
				"title": "Node 33.1"
			}
		],
		"title": "Node 33.0"
	},
	{
		"folder": true,
		"children": [
			{
				"folder": true,
				"children": [
					{
						"folder": true,
						"children": [
							{
								"folder": true,
								"children": [
									{
										"folder": true,
										"children": [
											{
												"title": "Node 34.5"
											}
										],
										"title": "Node 34.4"
									}
								],
								"title": "Node 34.3"
							}
						],
						"title": "Node 34.2"
					}
				],
				"title": "Node 34.1"
			}
		],
		"title": "Node 34.0"
	},
	{
		"folder": true,
		"children": [
			{
				"folder": true,
				"children": [
					{
						"folder": true,
						"children": [
							{
								"folder": true,
								"children": [
									{
										"folder": true,
										"children": [
											{
												"title": "Node 35.5"
											}
										],
										"title": "Node 35.4"
									}
								],
								"title": "Node 35.3"
							}
						],
						"title": "Node 35.2"
					}
				],
				"title": "Node 35.1"
			}
		],
		"title": "Node 35.0"
	},
	{
		"folder": true,
		"children": [
			{
				"folder": true,
				"children": [
					{
						"folder": true,
						"children": [
							{
								"folder": true,
								"children": [
									{
										"folder": true,
										"children": [
											{
												"title": "Node 36.5"
											}
										],
										"title": "Node 36.4"
									}
								],
								"title": "Node 36.3"
							}
						],
						"title": "Node 36.2"
					}
				],
				"title": "Node 36.1"
			}
		],
		"title": "Node 36.0"
	},
	{
		"folder": true,
		"children": [
			{
				"folder": true,
				"children": [
					{
						"folder": true,
						"children": [
							{
								"folder": true,
								"children": [
									{
										"folder": true,
										"children": [
											{
												"title": "Node 37.5"
											}
										],
										"title": "Node 37.4"
									}
								],
								"title": "Node 37.3"
							}
						],
						"title": "Node 37.2"
					}
				],
				"title": "Node 37.1"
			}
		],
		"title": "Node 37.0"
	},
	{
		"folder": true,
		"children": [
			{
				"folder": true,
				"children": [
					{
						"folder": true,
						"children": [
							{
								"folder": true,
								"children": [
									{
										"folder": true,
										"children": [
											{
												"title": "Node 38.5"
											}
										],
										"title": "Node 38.4"
									}
								],
								"title": "Node 38.3"
							}
						],
						"title": "Node 38.2"
					}
				],
				"title": "Node 38.1"
			}
		],
		"title": "Node 38.0"
	},
	{
		"folder": true,
		"children": [
			{
				"folder": true,
				"children": [
					{
						"folder": true,
						"children": [
							{
								"folder": true,
								"children": [
									{
										"folder": true,
										"children": [
											{
												"title": "Node 39.5"
											}
										],
										"title": "Node 39.4"
									}
								],
								"title": "Node 39.3"
							}
						],
						"title": "Node 39.2"
					}
				],
				"title": "Node 39.1"
			}
		],
		"title": "Node 39.0"
	},
	{
		"folder": true,
		"children": [
			{
				"folder": true,
				"children": [
					{
						"folder": true,
						"children": [
							{
								"folder": true,
								"children": [
									{
										"folder": true,
										"children": [
											{
												"title": "Node 40.5"
											}
										],
										"title": "Node 40.4"
									}
								],
								"title": "Node 40.3"
							}
						],
						"title": "Node 40.2"
					}
				],
				"title": "Node 40.1"
			}
		],
		"title": "Node 40.0"
	},
	{
		"folder": true,
		"children": [
			{
				"folder": true,
				"children": [
					{
						"folder": true,
						"children": [
							{
								"folder": true,
								"children": [
									{
										"folder": true,
										"children": [
											{
												"title": "Node 41.5"
											}
										],
										"title": "Node 41.4"
									}
								],
								"title": "Node 41.3"
							}
						],
						"title": "Node 41.2"
					}
				],
				"title": "Node 41.1"
			}
		],
		"title": "Node 41.0"
	},
	{
		"folder": true,
		"children": [
			{
				"folder": true,
				"children": [
					{
						"folder": true,
						"children": [
							{
								"folder": true,
								"children": [
									{
										"folder": true,
										"children": [
											{
												"title": "Node 42.5"
											}
										],
										"title": "Node 42.4"
									}
								],
								"title": "Node 42.3"
							}
						],
						"title": "Node 42.2"
					}
				],
				"title": "Node 42.1"
			}
		],
		"title": "Node 42.0"
	},
	{
		"folder": true,
		"children": [
			{
				"folder": true,
				"children": [
					{
						"folder": true,
						"children": [
							{
								"folder": true,
								"children": [
									{
										"folder": true,
										"children": [
											{
												"title": "Node 43.5"
											}
										],
										"title": "Node 43.4"
									}
								],
								"title": "Node 43.3"
							}
						],
						"title": "Node 43.2"
					}
				],
				"title": "Node 43.1"
			}
		],
		"title": "Node 43.0"
	},
	{
		"folder": true,
		"children": [
			{
				"folder": true,
				"children": [
					{
						"folder": true,
						"children": [
							{
								"folder": true,
								"children": [
									{
										"folder": true,
										"children": [
											{
												"title": "Node 44.5"
											}
										],
										"title": "Node 44.4"
									}
								],
								"title": "Node 44.3"
							}
						],
						"title": "Node 44.2"
					}
				],
				"title": "Node 44.1"
			}
		],
		"title": "Node 44.0"
	},
	{
		"folder": true,
		"children": [
			{
				"folder": true,
				"children": [
					{
						"folder": true,
						"children": [
							{
								"folder": true,
								"children": [
									{
										"folder": true,
										"children": [
											{
												"title": "Node 45.5"
											}
										],
										"title": "Node 45.4"
									}
								],
								"title": "Node 45.3"
							}
						],
						"title": "Node 45.2"
					}
				],
				"title": "Node 45.1"
			}
		],
		"title": "Node 45.0"
	},
	{
		"folder": true,
		"children": [
			{
				"folder": true,
				"children": [
					{
						"folder": true,
						"children": [
							{
								"folder": true,
								"children": [
									{
										"folder": true,
										"children": [
											{
												"title": "Node 46.5"
											}
										],
										"title": "Node 46.4"
									}
								],
								"title": "Node 46.3"
							}
						],
						"title": "Node 46.2"
					}
				],
				"title": "Node 46.1"
			}
		],
		"title": "Node 46.0"
	},
	{
		"folder": true,
		"children": [
			{
				"folder": true,
				"children": [
					{
						"folder": true,
						"children": [
							{
								"folder": true,
								"children": [
									{
										"folder": true,
										"children": [
											{
												"title": "Node 47.5"
											}
										],
										"title": "Node 47.4"
									}
								],
								"title": "Node 47.3"
							}
						],
						"title": "Node 47.2"
					}
				],
				"title": "Node 47.1"
			}
		],
		"title": "Node 47.0"
	},
	{
		"folder": true,
		"children": [
			{
				"folder": true,
				"children": [
					{
						"folder": true,
						"children": [
							{
								"folder": true,
								"children": [
									{
										"folder": true,
										"children": [
											{
												"title": "Node 48.5"
											}
										],
										"title": "Node 48.4"
									}
								],
								"title": "Node 48.3"
							}
						],
						"title": "Node 48.2"
					}
				],
				"title": "Node 48.1"
			}
		],
		"title": "Node 48.0"
	},
	{
		"folder": true,
		"children": [
			{
				"folder": true,
				"children": [
					{
						"folder": true,
						"children": [
							{
								"folder": true,
								"children": [
									{
										"folder": true,
										"children": [
											{
												"title": "Node 49.5"
											}
										],
										"title": "Node 49.4"
									}
								],
								"title": "Node 49.3"
							}
						],
						"title": "Node 49.2"
					}
				],
				"title": "Node 49.1"
			}
		],
		"title": "Node 49.0"
	},
	{
		"folder": true,
		"children": [
			{
				"folder": true,
				"children": [
					{
						"folder": true,
						"children": [
							{
								"folder": true,
								"children": [
									{
										"folder": true,
										"children": [
											{
												"title": "Node 50.5"
											}
										],
										"title": "Node 50.4"
									}
								],
								"title": "Node 50.3"
							}
						],
						"title": "Node 50.2"
					}
				],
				"title": "Node 50.1"
			}
		],
		"title": "Node 50.0"
	},
	{
		"folder": true,
		"children": [
			{
				"folder": true,
				"children": [
					{
						"folder": true,
						"children": [
							{
								"folder": true,
								"children": [
									{
										"folder": true,
										"children": [
											{
												"title": "Node 51.5"
											}
										],
										"title": "Node 51.4"
									}
								],
								"title": "Node 51.3"
							}
						],
						"title": "Node 51.2"
					}
				],
				"title": "Node 51.1"
			}
		],
		"title": "Node 51.0"
	},
	{
		"folder": true,
		"children": [
			{
				"folder": true,
				"children": [
					{
						"folder": true,
						"children": [
							{
								"folder": true,
								"children": [
									{
										"folder": true,
										"children": [
											{
												"title": "Node 52.5"
											}
										],
										"title": "Node 52.4"
									}
								],
								"title": "Node 52.3"
							}
						],
						"title": "Node 52.2"
					}
				],
				"title": "Node 52.1"
			}
		],
		"title": "Node 52.0"
	},
	{
		"folder": true,
		"children": [
			{
				"folder": true,
				"children": [
					{
						"folder": true,
						"children": [
							{
								"folder": true,
								"children": [
									{
										"folder": true,
										"children": [
											{
												"title": "Node 53.5"
											}
										],
										"title": "Node 53.4"
									}
								],
								"title": "Node 53.3"
							}
						],
						"title": "Node 53.2"
					}
				],
				"title": "Node 53.1"
			}
		],
		"title": "Node 53.0"
	},
	{
		"folder": true,
		"children": [
			{
				"folder": true,
				"children": [
					{
						"folder": true,
						"children": [
							{
								"folder": true,
								"children": [
									{
										"folder": true,
										"children": [
											{
												"title": "Node 54.5"
											}
										],
										"title": "Node 54.4"
									}
								],
								"title": "Node 54.3"
							}
						],
						"title": "Node 54.2"
					}
				],
				"title": "Node 54.1"
			}
		],
		"title": "Node 54.0"
	},
	{
		"folder": true,
		"children": [
			{
				"folder": true,
				"children": [
					{
						"folder": true,
						"children": [
							{
								"folder": true,
								"children": [
									{
										"folder": true,
										"children": [
											{
												"title": "Node 55.5"
											}
										],
										"title": "Node 55.4"
									}
								],
								"title": "Node 55.3"
							}
						],
						"title": "Node 55.2"
					}
				],
				"title": "Node 55.1"
			}
		],
		"title": "Node 55.0"
	},
	{
		"folder": true,
		"children": [
			{
				"folder": true,
				"children": [
					{
						"folder": true,
						"children": [
							{
								"folder": true,
								"children": [
									{
										"folder": true,
										"children": [
											{
												"title": "Node 56.5"
											}
										],
										"title": "Node 56.4"
									}
								],
								"title": "Node 56.3"
							}
						],
						"title": "Node 56.2"
					}
				],
				"title": "Node 56.1"
			}
		],
		"title": "Node 56.0"
	},
	{
		"folder": true,
		"children": [
			{
				"folder": true,
				"children": [
					{
						"folder": true,
						"children": [
							{
								"folder": true,
								"children": [
									{
										"folder": true,
										"children": [
											{
												"title": "Node 57.5"
											}
										],
										"title": "Node 57.4"
									}
								],
								"title": "Node 57.3"
							}
						],
						"title": "Node 57.2"
					}
				],
				"title": "Node 57.1"
			}
		],
		"title": "Node 57.0"
	},
	{
		"folder": true,
		"children": [
			{
				"folder": true,
				"children": [
					{
						"folder": true,
						"children": [
							{
								"folder": true,
								"children": [
									{
										"folder": true,
										"children": [
											{
												"title": "Node 58.5"
											}
										],
										"title": "Node 58.4"
									}
								],
								"title": "Node 58.3"
							}
						],
						"title": "Node 58.2"
					}
				],
				"title": "Node 58.1"
			}
		],
		"title": "Node 58.0"
	},
	{
		"folder": true,
		"children": [
			{
				"folder": true,
				"children": [
					{
						"folder": true,
						"children": [
							{
								"folder": true,
								"children": [
									{
										"folder": true,
										"children": [
											{
												"title": "Node 59.5"
											}
										],
										"title": "Node 59.4"
									}
								],
								"title": "Node 59.3"
							}
						],
						"title": "Node 59.2"
					}
				],
				"title": "Node 59.1"
			}
		],
		"title": "Node 59.0"
	},
	{
		"folder": true,
		"children": [
			{
				"folder": true,
				"children": [
					{
						"folder": true,
						"children": [
							{
								"folder": true,
								"children": [
									{
										"folder": true,
										"children": [
											{
												"title": "Node 60.5"
											}
										],
										"title": "Node 60.4"
									}
								],
								"title": "Node 60.3"
							}
						],
						"title": "Node 60.2"
					}
				],
				"title": "Node 60.1"
			}
		],
		"title": "Node 60.0"
	},
	{
		"folder": true,
		"children": [
			{
				"folder": true,
				"children": [
					{
						"folder": true,
						"children": [
							{
								"folder": true,
								"children": [
									{
										"folder": true,
										"children": [
											{
												"title": "Node 61.5"
											}
										],
										"title": "Node 61.4"
									}
								],
								"title": "Node 61.3"
							}
						],
						"title": "Node 61.2"
					}
				],
				"title": "Node 61.1"
			}
		],
		"title": "Node 61.0"
	},
	{
		"folder": true,
		"children": [
			{
				"folder": true,
				"children": [
					{
						"folder": true,
						"children": [
							{
								"folder": true,
								"children": [
									{
										"folder": true,
										"children": [
											{
												"title": "Node 62.5"
											}
										],
										"title": "Node 62.4"
									}
								],
								"title": "Node 62.3"
							}
						],
						"title": "Node 62.2"
					}
				],
				"title": "Node 62.1"
			}
		],
		"title": "Node 62.0"
	},
	{
		"folder": true,
		"children": [
			{
				"folder": true,
				"children": [
					{
						"folder": true,
						"children": [
							{
								"folder": true,
								"children": [
									{
										"folder": true,
										"children": [
											{
												"title": "Node 63.5"
											}
										],
										"title": "Node 63.4"
									}
								],
								"title": "Node 63.3"
							}
						],
						"title": "Node 63.2"
					}
				],
				"title": "Node 63.1"
			}
		],
		"title": "Node 63.0"
	},
	{
		"folder": true,
		"children": [
			{
				"folder": true,
				"children": [
					{
						"folder": true,
						"children": [
							{
								"folder": true,
								"children": [
									{
										"folder": true,
										"children": [
											{
												"title": "Node 64.5"
											}
										],
										"title": "Node 64.4"
									}
								],
								"title": "Node 64.3"
							}
						],
						"title": "Node 64.2"
					}
				],
				"title": "Node 64.1"
			}
		],
		"title": "Node 64.0"
	},
	{
		"folder": true,
		"children": [
			{
				"folder": true,
				"children": [
					{
						"folder": true,
						"children": [
							{
								"folder": true,
								"children": [
									{
										"folder": true,
										"children": [
											{
												"title": "Node 65.5"
											}
										],
										"title": "Node 65.4"
									}
								],
								"title": "Node 65.3"
							}
						],
						"title": "Node 65.2"
					}
				],
				"title": "Node 65.1"
			}
		],
		"title": "Node 65.0"
	},
	{
		"folder": true,
		"children": [
			{
				"folder": true,
				"children": [
					{
						"folder": true,
						"children": [
							{
								"folder": true,
								"children": [
									{
										"folder": true,
										"children": [
											{
												"title": "Node 66.5"
											}
										],
										"title": "Node 66.4"
									}
								],
								"title": "Node 66.3"
							}
						],
						"title": "Node 66.2"
					}
				],
				"title": "Node 66.1"
			}
		],
		"title": "Node 66.0"
	},
	{
		"folder": true,
		"children": [
			{
				"folder": true,
				"children": [
					{
						"folder": true,
						"children": [
							{
								"folder": true,
								"children": [
									{
										"folder": true,
										"children": [
											{
												"title": "Node 67.5"
											}
										],
										"title": "Node 67.4"
									}
								],
								"title": "Node 67.3"
							}
						],
						"title": "Node 67.2"
					}
				],
				"title": "Node 67.1"
			}
		],
		"title": "Node 67.0"
	},
	{
		"folder": true,
		"children": [
			{
				"folder": true,
				"children": [
					{
						"folder": true,
						"children": [
							{
								"folder": true,
								"children": [
									{
										"folder": true,
										"children": [
											{
												"title": "Node 68.5"
											}
										],
										"title": "Node 68.4"
									}
								],
								"title": "Node 68.3"
							}
						],
						"title": "Node 68.2"
					}
				],
				"title": "Node 68.1"
			}
		],
		"title": "Node 68.0"
	},
	{
		"folder": true,
		"children": [
			{
				"folder": true,
				"children": [
					{
						"folder": true,
						"children": [
							{
								"folder": true,
								"children": [
									{
										"folder": true,
										"children": [
											{
												"title": "Node 69.5"
											}
										],
										"title": "Node 69.4"
									}
								],
								"title": "Node 69.3"
							}
						],
						"title": "Node 69.2"
					}
				],
				"title": "Node 69.1"
			}
		],
		"title": "Node 69.0"
	},
	{
		"folder": true,
		"children": [
			{
				"folder": true,
				"children": [
					{
						"folder": true,
						"children": [
							{
								"folder": true,
								"children": [
									{
										"folder": true,
										"children": [
											{
												"title": "Node 70.5"
											}
										],
										"title": "Node 70.4"
									}
								],
								"title": "Node 70.3"
							}
						],
						"title": "Node 70.2"
					}
				],
				"title": "Node 70.1"
			}
		],
		"title": "Node 70.0"
	},
	{
		"folder": true,
		"children": [
			{
				"folder": true,
				"children": [
					{
						"folder": true,
						"children": [
							{
								"folder": true,
								"children": [
									{
										"folder": true,
										"children": [
											{
												"title": "Node 71.5"
											}
										],
										"title": "Node 71.4"
									}
								],
								"title": "Node 71.3"
							}
						],
						"title": "Node 71.2"
					}
				],
				"title": "Node 71.1"
			}
		],
		"title": "Node 71.0"
	},
	{
		"folder": true,
		"children": [
			{
				"folder": true,
				"children": [
					{
						"folder": true,
						"children": [
							{
								"folder": true,
								"children": [
									{
										"folder": true,
										"children": [
											{
												"title": "Node 72.5"
											}
										],
										"title": "Node 72.4"
									}
								],
								"title": "Node 72.3"
							}
						],
						"title": "Node 72.2"
					}
				],
				"title": "Node 72.1"
			}
		],
		"title": "Node 72.0"
	},
	{
		"folder": true,
		"children": [
			{
				"folder": true,
				"children": [
					{
						"folder": true,
						"children": [
							{
								"folder": true,
								"children": [
									{
										"folder": true,
										"children": [
											{
												"title": "Node 73.5"
											}
										],
										"title": "Node 73.4"
									}
								],
								"title": "Node 73.3"
							}
						],
						"title": "Node 73.2"
					}
				],
				"title": "Node 73.1"
			}
		],
		"title": "Node 73.0"
	},
	{
		"folder": true,
		"children": [
			{
				"folder": true,
				"children": [
					{
						"folder": true,
						"children": [
							{
								"folder": true,
								"children": [
									{
										"folder": true,
										"children": [
											{
												"title": "Node 74.5"
											}
										],
										"title": "Node 74.4"
									}
								],
								"title": "Node 74.3"
							}
						],
						"title": "Node 74.2"
					}
				],
				"title": "Node 74.1"
			}
		],
		"title": "Node 74.0"
	},
	{
		"folder": true,
		"children": [
			{
				"folder": true,
				"children": [
					{
						"folder": true,
						"children": [
							{
								"folder": true,
								"children": [
									{
										"folder": true,
										"children": [
											{
												"title": "Node 75.5"
											}
										],
										"title": "Node 75.4"
									}
								],
								"title": "Node 75.3"
							}
						],
						"title": "Node 75.2"
					}
				],
				"title": "Node 75.1"
			}
		],
		"title": "Node 75.0"
	},
	{
		"folder": true,
		"children": [
			{
				"folder": true,
				"children": [
					{
						"folder": true,
						"children": [
							{
								"folder": true,
								"children": [
									{
										"folder": true,
										"children": [
											{
												"title": "Node 76.5"
											}
										],
										"title": "Node 76.4"
									}
								],
								"title": "Node 76.3"
							}
						],
						"title": "Node 76.2"
					}
				],
				"title": "Node 76.1"
			}
		],
		"title": "Node 76.0"
	},
	{
		"folder": true,
		"children": [
			{
				"folder": true,
				"children": [
					{
						"folder": true,
						"children": [
							{
								"folder": true,
								"children": [
									{
										"folder": true,
										"children": [
											{
												"title": "Node 77.5"
											}
										],
										"title": "Node 77.4"
									}
								],
								"title": "Node 77.3"
							}
						],
						"title": "Node 77.2"
					}
				],
				"title": "Node 77.1"
			}
		],
		"title": "Node 77.0"
	},
	{
		"folder": true,
		"children": [
			{
				"folder": true,
				"children": [
					{
						"folder": true,
						"children": [
							{
								"folder": true,
								"children": [
									{
										"folder": true,
										"children": [
											{
												"title": "Node 78.5"
											}
										],
										"title": "Node 78.4"
									}
								],
								"title": "Node 78.3"
							}
						],
						"title": "Node 78.2"
					}
				],
				"title": "Node 78.1"
			}
		],
		"title": "Node 78.0"
	},
	{
		"folder": true,
		"children": [
			{
				"folder": true,
				"children": [
					{
						"folder": true,
						"children": [
							{
								"folder": true,
								"children": [
									{
										"folder": true,
										"children": [
											{
												"title": "Node 79.5"
											}
										],
										"title": "Node 79.4"
									}
								],
								"title": "Node 79.3"
							}
						],
						"title": "Node 79.2"
					}
				],
				"title": "Node 79.1"
			}
		],
		"title": "Node 79.0"
	},
	{
		"folder": true,
		"children": [
			{
				"folder": true,
				"children": [
					{
						"folder": true,
						"children": [
							{
								"folder": true,
								"children": [
									{
										"folder": true,
										"children": [
											{
												"title": "Node 80.5"
											}
										],
										"title": "Node 80.4"
									}
								],
								"title": "Node 80.3"
							}
						],
						"title": "Node 80.2"
					}
				],
				"title": "Node 80.1"
			}
		],
		"title": "Node 80.0"
	},
	{
		"folder": true,
		"children": [
			{
				"folder": true,
				"children": [
					{
						"folder": true,
						"children": [
							{
								"folder": true,
								"children": [
									{
										"folder": true,
										"children": [
											{
												"title": "Node 81.5"
											}
										],
										"title": "Node 81.4"
									}
								],
								"title": "Node 81.3"
							}
						],
						"title": "Node 81.2"
					}
				],
				"title": "Node 81.1"
			}
		],
		"title": "Node 81.0"
	},
	{
		"folder": true,
		"children": [
			{
				"folder": true,
				"children": [
					{
						"folder": true,
						"children": [
							{
								"folder": true,
								"children": [
									{
										"folder": true,
										"children": [
											{
												"title": "Node 82.5"
											}
										],
										"title": "Node 82.4"
									}
								],
								"title": "Node 82.3"
							}
						],
						"title": "Node 82.2"
					}
				],
				"title": "Node 82.1"
			}
		],
		"title": "Node 82.0"
	},
	{
		"folder": true,
		"children": [
			{
				"folder": true,
				"children": [
					{
						"folder": true,
						"children": [
							{
								"folder": true,
								"children": [
									{
										"folder": true,
										"children": [
											{
												"title": "Node 83.5"
											}
										],
										"title": "Node 83.4"
									}
								],
								"title": "Node 83.3"
							}
						],
						"title": "Node 83.2"
					}
				],
				"title": "Node 83.1"
			}
		],
		"title": "Node 83.0"
	},
	{
		"folder": true,
		"children": [
			{
				"folder": true,
				"children": [
					{
						"folder": true,
						"children": [
							{
								"folder": true,
								"children": [
									{
										"folder": true,
										"children": [
											{
												"title": "Node 84.5"
											}
										],
										"title": "Node 84.4"
									}
								],
								"title": "Node 84.3"
							}
						],
						"title": "Node 84.2"
					}
				],
				"title": "Node 84.1"
			}
		],
		"title": "Node 84.0"
	},
	{
		"folder": true,
		"children": [
			{
				"folder": true,
				"children": [
					{
						"folder": true,
						"children": [
							{
								"folder": true,
								"children": [
									{
										"folder": true,
										"children": [
											{
												"title": "Node 85.5"
											}
										],
										"title": "Node 85.4"
									}
								],
								"title": "Node 85.3"
							}
						],
						"title": "Node 85.2"
					}
				],
				"title": "Node 85.1"
			}
		],
		"title": "Node 85.0"
	},
	{
		"folder": true,
		"children": [
			{
				"folder": true,
				"children": [
					{
						"folder": true,
						"children": [
							{
								"folder": true,
								"children": [
									{
										"folder": true,
										"children": [
											{
												"title": "Node 86.5"
											}
										],
										"title": "Node 86.4"
									}
								],
								"title": "Node 86.3"
							}
						],
						"title": "Node 86.2"
					}
				],
				"title": "Node 86.1"
			}
		],
		"title": "Node 86.0"
	},
	{
		"folder": true,
		"children": [
			{
				"folder": true,
				"children": [
					{
						"folder": true,
						"children": [
							{
								"folder": true,
								"children": [
									{
										"folder": true,
										"children": [
											{
												"title": "Node 87.5"
											}
										],
										"title": "Node 87.4"
									}
								],
								"title": "Node 87.3"
							}
						],
						"title": "Node 87.2"
					}
				],
				"title": "Node 87.1"
			}
		],
		"title": "Node 87.0"
	},
	{
		"folder": true,
		"children": [
			{
				"folder": true,
				"children": [
					{
						"folder": true,
						"children": [
							{
								"folder": true,
								"children": [
									{
										"folder": true,
										"children": [
											{
												"title": "Node 88.5"
											}
										],
										"title": "Node 88.4"
									}
								],
								"title": "Node 88.3"
							}
						],
						"title": "Node 88.2"
					}
				],
				"title": "Node 88.1"
			}
		],
		"title": "Node 88.0"
	},
	{
		"folder": true,
		"children": [
			{
				"folder": true,
				"children": [
					{
						"folder": true,
						"children": [
							{
								"folder": true,
								"children": [
									{
										"folder": true,
										"children": [
											{
												"title": "Node 89.5"
											}
										],
										"title": "Node 89.4"
									}
								],
								"title": "Node 89.3"
							}
						],
						"title": "Node 89.2"
					}
				],
				"title": "Node 89.1"
			}
		],
		"title": "Node 89.0"
	},
	{
		"folder": true,
		"children": [
			{
				"folder": true,
				"children": [
					{
						"folder": true,
						"children": [
							{
								"folder": true,
								"children": [
									{
										"folder": true,
										"children": [
											{
												"title": "Node 90.5"
											}
										],
										"title": "Node 90.4"
									}
								],
								"title": "Node 90.3"
							}
						],
						"title": "Node 90.2"
					}
				],
				"title": "Node 90.1"
			}
		],
		"title": "Node 90.0"
	},
	{
		"folder": true,
		"children": [
			{
				"folder": true,
				"children": [
					{
						"folder": true,
						"children": [
							{
								"folder": true,
								"children": [
									{
										"folder": true,
										"children": [
											{
												"title": "Node 91.5"
											}
										],
										"title": "Node 91.4"
									}
								],
								"title": "Node 91.3"
							}
						],
						"title": "Node 91.2"
					}
				],
				"title": "Node 91.1"
			}
		],
		"title": "Node 91.0"
	},
	{
		"folder": true,
		"children": [
			{
				"folder": true,
				"children": [
					{
						"folder": true,
						"children": [
							{
								"folder": true,
								"children": [
									{
										"folder": true,
										"children": [
											{
												"title": "Node 92.5"
											}
										],
										"title": "Node 92.4"
									}
								],
								"title": "Node 92.3"
							}
						],
						"title": "Node 92.2"
					}
				],
				"title": "Node 92.1"
			}
		],
		"title": "Node 92.0"
	},
	{
		"folder": true,
		"children": [
			{
				"folder": true,
				"children": [
					{
						"folder": true,
						"children": [
							{
								"folder": true,
								"children": [
									{
										"folder": true,
										"children": [
											{
												"title": "Node 93.5"
											}
										],
										"title": "Node 93.4"
									}
								],
								"title": "Node 93.3"
							}
						],
						"title": "Node 93.2"
					}
				],
				"title": "Node 93.1"
			}
		],
		"title": "Node 93.0"
	},
	{
		"folder": true,
		"children": [
			{
				"folder": true,
				"children": [
					{
						"folder": true,
						"children": [
							{
								"folder": true,
								"children": [
									{
										"folder": true,
										"children": [
											{
												"title": "Node 94.5"
											}
										],
										"title": "Node 94.4"
									}
								],
								"title": "Node 94.3"
							}
						],
						"title": "Node 94.2"
					}
				],
				"title": "Node 94.1"
			}
		],
		"title": "Node 94.0"
	},
	{
		"folder": true,
		"children": [
			{
				"folder": true,
				"children": [
					{
						"folder": true,
						"children": [
							{
								"folder": true,
								"children": [
									{
										"folder": true,
										"children": [
											{
												"title": "Node 95.5"
											}
										],
										"title": "Node 95.4"
									}
								],
								"title": "Node 95.3"
							}
						],
						"title": "Node 95.2"
					}
				],
				"title": "Node 95.1"
			}
		],
		"title": "Node 95.0"
	},
	{
		"folder": true,
		"children": [
			{
				"folder": true,
				"children": [
					{
						"folder": true,
						"children": [
							{
								"folder": true,
								"children": [
									{
										"folder": true,
										"children": [
											{
												"title": "Node 96.5"
											}
										],
										"title": "Node 96.4"
									}
								],
								"title": "Node 96.3"
							}
						],
						"title": "Node 96.2"
					}
				],
				"title": "Node 96.1"
			}
		],
		"title": "Node 96.0"
	},
	{
		"folder": true,
		"children": [
			{
				"folder": true,
				"children": [
					{
						"folder": true,
						"children": [
							{
								"folder": true,
								"children": [
									{
										"folder": true,
										"children": [
											{
												"title": "Node 97.5"
											}
										],
										"title": "Node 97.4"
									}
								],
								"title": "Node 97.3"
							}
						],
						"title": "Node 97.2"
					}
				],
				"title": "Node 97.1"
			}
		],
		"title": "Node 97.0"
	},
	{
		"folder": true,
		"children": [
			{
				"folder": true,
				"children": [
					{
						"folder": true,
						"children": [
							{
								"folder": true,
								"children": [
									{
										"folder": true,
										"children": [
											{
												"title": "Node 98.5"
											}
										],
										"title": "Node 98.4"
									}
								],
								"title": "Node 98.3"
							}
						],
						"title": "Node 98.2"
					}
				],
				"title": "Node 98.1"
			}
		],
		"title": "Node 98.0"
	},
	{
		"folder": true,
		"children": [
			{
				"folder": true,
				"children": [
					{
						"folder": true,
						"children": [
							{
								"folder": true,
								"children": [
									{
										"folder": true,
										"children": [
											{
												"title": "Node 99.5"
											}
										],
										"title": "Node 99.4"
									}
								],
								"title": "Node 99.3"
							}
						],
						"title": "Node 99.2"
					}
				],
				"title": "Node 99.1"
			}
		],
		"title": "Node 99.0"
	}
]
